Marker,forward_name,Synonyms_forward,forward_sequence,reverse_name,Synonyms_reverse,reverse_sequence,Targeted group,Broadness,Nb studies,comment
12S,12S-F1nioz,,AACTGGGATTAGATACCC,12S-R1,M13-tailed 12S954R; 12S_V5_1_R; 954R,TAGAACAGGCTCCTCTAG,Fish,Target,1,
12S,batra-F,,ACACCGCCCGTCACCCT,batra-R,,GTAYACTTACCATGTTACGACTT,Amphibia,Target,1,
12S,12Steleo_F,teleo01; Teleo_F; teleo_F; Chon01-F,ACACCGCCCGTCACTCT,12Steleo_R,teleo01; Teleo_R; teleo_R,CTTCCGGTACACTTACCATG,Fish,Target,8,
12S,Chon01-F,teleo01; Teleo_F; teleo_F; 12Steleo_F,ACACCGCCCGTCACTCTCT,Chon01-R,,CATGTTACGACTTGCCTCCTC,Chondrichthyes,Target,1,
12S,229F,M13-tailed 12S229F; 12S_V5_1_F,ACTGGGATTAGATACCCC,954R,M13-tailed 12S954R; 12S_V5_1_R; 12S-R1,TAGAACAGGCTCCTCTAG,Fish,Target,6,
12S,Am12S_F,,AGCCACCGCGGTTATACG,Am12S_R,,CAAGTCCTTTGGGTTTTAAGC,Fish,Target,2,
12S,MiFish_F,MiFish-U,GTCGGTAAAACTCGTGCCAGC,MiFish_R,MiFish-U,CATAGTGGGGTATCTAATCCCAGTTTG,Fish,Target,15,
12S,Vert01-F,,TAGAACAGGCTCCTCTAG,Vert01-R,,TTAGATACCCCACTATGC,Vertebrata,Target,1,
16S,338F,,ACTCCTACGGGAGGCAGCAG,806R,,GGACTACCAGGGTATCTAAT,Bacteria,Target,1,
16S,16S_Metazoa_fwd,,AGTTACYYTAGGGATAACAGCG,16S_Metazoa_rev,,CCGGTCTGAACTCAGATCAYGT,Metazoa,Broad,1,
16S,Xiao_16S_F,,AGYGGCGIACGGGTGAGTAA,Xiao_16S_R,,TCAGCYIACTGCTGCCTCCCGTAG,Bacteria,Target,1,
16S,HICOR16S_F1,,CCGGTATGAATGGTRTCMCGA,HICOR16S_R1,,TMCAGTAAAGYTCCATGGGG,Corals,Target,1,
16S,341F,,CCTACGGGNGGCWGCAG,785R,,GACTACHVGGGTATCTAATCC,Bacteria,Target,1,
16S,Ac16S_F,,CCTTTTGCATCATGATTTAGC,Ac16S_R,,CAGGTGGCTGCTTTTAGGC,Fish,Target,2,
16S,setB_mod_F,,CGAGAAGACCCTNTGRAGCT,setB_mod_R,,CCKYGGTCGCCCCAAC,Fish,Target,1,
16S,16s_Teleo_F,,GACGAGAAGACCCTDTGGAG,16s_Teleo_R,,GTCCTGATCCAACATCGAG,Fish,Target,1,
16S,KLY_2017_F,,RRWRGACRAGAAGACCCT,KLY_2017_R,,ARTCCAACATCGAGGT,Mollusca,Target,1,
16S,ILF_Cop16SF,,TAAGGTAGCATARTAATTWG,ILR_Cop16SR,,TAATTCAACATCGAGGTC,Copepoda,Target,2,
16S,EPP_2012_F,,TGCAAAGGTAGCATAATMATTAG,EPP_2012_R,,TCCATAGGGTCTTCTCGTC,Insecta,Target,1,
18S,1F,,AACCTGGTTGATCCTGCCAGT,1528R,Euk_Br; 18S_V9_M; Xiao_18S_R,TGATCCTTCTGCAGGTTCACCTAC,Bacillariophyceae,Target,1,
18S,Uni18SF,ILF_Uni18SF,AGGGCAAKYCTGGTGCCAGC,Uni18SR,ILF_Uni18SR,GRCGGTATCTRATCGYCTT,Eukaryota,Broad,2,
18S,F-566,,CAGCAGCCGCGGTAATTCC,R-1200,,CCCGTGTTGAGTCAAATTAAGC,Eukaryota,Broad,1,
18S,TAReuk454FWD1,,CCAGCASCYGCGGTAATTCC,TAReukREV3,,ACTTTCGTTCTTGATYRA,Metazoa,Broad,4,
18S,18S_V9_F,,CCCTGCCHTTTGTACACAC,18S_V9_R,,CCTTCYGCAGGTTCACCTAC,Eukaryota,Broad,2,
18S,Xiao_18S_F,,CCMGAATTAACTGCCAAAAA,Xiao_18S_R,Euk_Br; 18S_V9_M; 1528R,TGATCCTTCTGCAGGTTCACCTAC,Eukaryota,Broad,1,
18S,18SMK_1F,,CTGGTGCCAGCAGCCGCGGYAA,18SMK_2RC,,AACTTAAAGRAATTGACGGA,Metazoa,Broad,1,
18S,18S-82F,,GAAACTGCGAATGGCTC,Ek-516R,,ACCAGACTTGCCCTCC,Eukaryota,Broad,1,
18S,DIV4for,,GCGGTAATTCCAGCTCCAATAG,DIV4rev,,CTCTGACAATGGAATACGAATA,Bacillariophyceae,Target,5,
18S,SSU_F04,,GCTTGTCTCAAAGATTAAGCC,SSU_R22,,GCCTGCTGCCTTCCTTGGA,Metazoa,Broad,3,
18S,Euk_1391F,18S_V9_M,GTACACACCGCCCGTC,Euk_Br,18S_V9_M; 1528R; Xiao_18S_R,TGATCCTTCTGCAGGTTCACCTAC,Eukaryota,Broad,5,
18S,Tin454-18SFw,,GTAGTGACAAGAAATAAYGG,Tin454-18SRev,,CAACCCCTCARACCAACAG,Tintinnida,Target,1,
18S,SSR-F1289-sn,,TGGAGYGATHTGTCTGGTTDATTCCG,SSR-R1772-sn,,TCACCTACGGAWACCTTGTTACG,Eukaryota,Broad,1,
18S,18S-F1289,,TGGAGYGATTTGTCTGGTTDATTCCG,18S-R1772,,TCACCTACGGAAACCTTGTTACG,Eukaryota,Broad,1,
18S,All18SF,,TGGTGCATGGCCGTTCTTAGT,All18SR,,CATCTAAGGGCATCACAGACC,Eukaryota,Broad,2,
18S,0817F,,TTAGCATGGAATAATRRAATAGGA,1196R,,TCTGGACCTGGTGAGTTTCC,Eukaryota,Broad,0,
23S,p23SrVF,,GGACAGAAAGACCCTATGAA,p23SrVR,,TCAGCCTGTTATCCCTAGAG,Cyanobacteria + algae,Broad,1,
COI,BF1,,ACWGGWTGRACWGTNTAYCC,BR1,,ARYATDGTRATDGCHCCDGC,Metazoa,Broad,2,
COI,MinifishE_F,,ACYAANCAYAAAGAYATNGGCAC,MinifishE_R,,CTTATRTTRTTTATNCGNGGRAANGC,Fish,Target,1,
COI,BR5-F,,CCIGAYATRGCITTYCCICG,ArR5,,CCWGTWYTIGCIGGIGCIATYAC,Metazoa,Broad,1,
COI,HICORCOX_F1,,GAACAAGGRGCKGGBAC,HICORCOX_R1,,CCVGGRGCYCKCATRTTAAA,Corals,Target,1,
COI,BF2,,GCHCCHGAYATRGCHTTYCC,BR2,,TCDGGRTGNCCRAARAAYCA,Metazoa,Broad,5,
COI,pB1,,GCWACWACRTARTAWGTRTCRTG,pC1,,TGGTTNTTYTCNACNAAYCAYAARGAYAT,Bacillariophyceae,Target,1,
COI,coi.175f,SeaDNA-short; SeaDNA-mid,GGAGGCTTTGGMAAYTGRYT,coi.226r,SeaDNA-short,GGGGGAAGAARYCARAARCT,Fish,Target,1,
COI,coi.175f,SeaDNA-short; SeaDNA-mid,GGAGGCTTTGGMAAYTGRYT,coi.345r,SeaDNA-mid,TAGAGGRGGGTARACWGTYCA,Fish,Target,1,
COI,eCul-F,,GGRKCHGGDACWGGDTGAAC,eCul-R,,GATCAWACAAATAAAGGTAWTCGATC,Culicidae,Target,1,
COI,LCO1490,F230,GGTCAACAAATCATAAAGATATTGG,230_R,MinifishE_R,CTTATRTTRTTTATICGIGGRAAIGC,Metazoa,Broad,3,
COI,LCO1490,,GGTCAACAAATCATAAAGATATTGG,HCO2198,,TAAACTTCAGGGTGACCAAAAAATCA,Metazoa,Broad,3,
COI,dgLCO1490,,GGTCAACAAATCATAAAGAYATYGG,dgHCO2198,,TAAACTTCAGGGTGACCAAARAAYCA,Metazoa,Broad,1,
COI,mICOIintF,,GGWACWGGWTGAACWGTWTAYCCYCC,jgHCO2198,Leray-XT,TAIACYTCIGGRTGICCRAARAAYCA,Metazoa,Broad,16,
COI,mICOIintF,,GGWACWGGWTGAACWGTWTAYCCYCC,dgHCO2198,,TAAACTTCAGGGTGACCAAARAAYCA,Metazoa,Broad,6,
COI,mlCOIintF,,GGWACWGGWTGAACWGTWTAYCCYCC,HCO2198,,TAAACTTCAGGGTGACCAAAAAATCA,Metazoa,Broad,2,
COI,mlCOIintF,,GGWACWGGWTGAACWGTWTAYCCYCC,LoboR1,,TAAACYTCWGGRTGWCCRAARAAYCA,Metazoa,Broad,1,
COI,mlCOIintF-XT,Leray-XT,GGWACWRGWTGRACWITITAYCCYCC,jgHCO2198,Leray-XT,TAIACYTCIGGRTGICCRAARAAYCA,Metazoa,Broad,2,
COI,LoboF1,,KBTCHACAAAYCAYAARGAYATHGG,LoboR1,,TAAACYTCWGGRTGWCCRAARAAYCA,Metazoa,Broad,1,
CR,Cichlid_CR_F,,CCTACCCCTAGCTCCCAAAG,Cichlid_CR_R,,ACTGATGGTGGGCTCTTACTACA,Cichlidae,Target,1,
cytb,L14735,CytB_L14841,AAAAACCACCGTTGTTATTCAACTA,H15149c,,GCCCCTCAGAATGATATTTGTCCTCA,Fish,Target,2,
cytb,CytB_L14841,L14735,AAAAACCACCGTTGTTATTCAACTA,CytB_H15149,,GCDCCTCARAATGAYATTTGTCCTCA,Fish,Target,1,
cytb,GobyCytb-F,,AACVCAYCCVCTVCTWAAAATYGC,GobyCytb-R,,AGTCANCCRAARTTWACRTCWCGRC,Gobiidae,Target,1,
cytb,Fish2degCBL,Fish2CBL,ACAACTTCACCCCTGCRAAY,Fish2degCBR,Fish2CBR; Fish2bCBR,GATGGCGTAGGCAAAYARGA,Fish,Target,1,I put them together because they were used in the same mix
cytb,FishCytb-F,,GCCTACGCYATYCTHCGMTCHATYCC,FishCytb-R,,GGGTGTTCNACNGGYATNCCNCCAATTCA,Fish,Target,1,
cytb,CarpCytb-F,,KRTGAAAYTTYGGMTCYCTHCTAGG,CarpCytb-R,,AARAAGAATGATGCYCCRTTRGC,Cyprinidae,Target,1,
ITS,Tin454-ITSFw,,CAATYTGTTGCAGRGCGMAAGC,Tin454-ITSRev,,AGCAATAGAAGGGCATCTA,Tintinnida,Target,1,
ITS1,ITS1F,,CTTGGTCATTTAGAGGAAGTAA,ITS1R,,GCTGCGTTCTTCATCGATGC,Fungi,Broad,1,
rbcL,DPrbcL1,,AAGGAGGAADHHATGTCT,DPrbcL7,,AAASHDCCTTGTGTWAGTYTC,Bacillariophyceae,Target,1,
rbcL,Diat_rbcL_708F,Diat_rbcL_708F_1;Diat_rbcL_708F_2; Diat_rbcL_708F_3,AGGTGAARYWAAAGGTTCWTAYTTAAA,R3,R3_1; R3_2,CCTTCTAATTTACCWACWACWG,Bacillariophyceae,Target,7,They made a mix of different primers with slight variations so I combined it in a degenerated primer.
rbcL,646F,,ATGCGTTGGAGAGARCGTTTC,998R,,GATCACCTTCTAATTTACCWACAACTG,Bacillariophyceae,Target,1,
rbcL,rbcL_F,,GATGATGARAAYATTAACTC,rbcL_R,,ATTTGDCCACAGTGDATACCA,Bacillariophyceae,Target,1,
trnL,P6Loop-g,trnL-g,GGGCAATCCTGAGCCAA,P6Loop-h,trnL-h,CCATTGAGTCTCTGCACCTATC,Plantae,Broad,2,
